"NAICS","MIS_Status","DisbursementGross","Term","State","NAICS_Names"
"23","P I F",55000,60,"NY","Construction"
"23","CHGOFF",380000,2,"KS","Construction"
"23","P I F",50000,4,"PA","Construction"
"23","CHGOFF",620000,109,"CA","Construction"
"53","CHGOFF",14950,61,"CA","Real estate"
"23","CHGOFF",19000,65,"CA","Construction"
"71","P I F",29821,84,"NY","Recreation"
"23","CHGOFF",350000,50,"TX","Construction"
"23","CHGOFF",48554,63,"OH","Construction"
"23","P I F",10000,72,"CO","Construction"
"23","P I F",223363,115,"MD","Construction"
"11","P I F",719000,180,"MS","Agriculture"
"71","CHGOFF",150500,95,"CA","Recreation"
"71","CHGOFF",16675,47,"CA","Recreation"
"11","P I F",90000,48,"LA","Agriculture"
"23","P I F",127000,240,"WA","Construction"
"23","P I F",60000,84,"AR","Construction"
"23","P I F",131580,84,"WA","Construction"
"23","CHGOFF",525000,12,"FL","Construction"
"53","P I F",108633,84,"ME","Real estate"
"53","P I F",35000,60,"MI","Real estate"
"53","CHGOFF",99782,20,"IL","Real estate"
"23","CHGOFF",44000,67,"IA","Construction"
"71","P I F",173900,120,"CA","Recreation"
"53","CHGOFF",1331000,180,"TX","Real estate"
"71","P I F",36994,84,"OH","Recreation"
"23","P I F",25000,60,"ND","Construction"
"23","P I F",51389,84,"OH","Construction"
"11","P I F",28000,60,"MS","Agriculture"
"23","P I F",32292,36,"KY","Construction"
"71","P I F",1e+05,60,"NY","Recreation"
"71","CHGOFF",749500,110,"GA","Recreation"
"23","P I F",145000,300,"NJ","Construction"
"53","CHGOFF",30057,49,"FL","Real estate"
"23","P I F",410000,240,"NY","Construction"
"23","CHGOFF",250000,9,"PA","Construction"
"71","P I F",150000,246,"MS","Recreation"
"23","CHGOFF",376868,40,"UT","Construction"
"23","CHGOFF",10000,49,"MD","Construction"
"23","P I F",323494,303,"CA","Construction"
"23","CHGOFF",28355,23,"NV","Construction"
"23","P I F",50000,84,"NM","Construction"
"23","P I F",26784,84,"MN","Construction"
"23","P I F",101122,84,"AZ","Construction"
"53","CHGOFF",49600,72,"MI","Real estate"
"23","P I F",747944,84,"NY","Construction"
"53","P I F",520900,300,"TX","Real estate"
"71","CHGOFF",239330,74,"NJ","Recreation"
"23","P I F",25000,84,"NY","Construction"
"23","CHGOFF",20000,68,"HI","Construction"
"53","CHGOFF",23000,75,"OH","Real estate"
"23","P I F",30000,84,"NY","Construction"
"23","P I F",75000,60,"MO","Construction"
"11","P I F",3e+05,120,"GA","Agriculture"
"23","P I F",83000,240,"IN","Construction"
"23","CHGOFF",42113,59,"OH","Construction"
"23","P I F",150000,59,"WI","Construction"
"23","CHGOFF",1566500,98,"IA","Construction"
"23","CHGOFF",122345,42,"MA","Construction"
"11","P I F",20400,120,"RI","Agriculture"
"23","P I F",50914,84,"CT","Construction"
"23","P I F",360000,240,"MT","Construction"
"71","P I F",55000,60,"MI","Recreation"
"23","P I F",75000,60,"UT","Construction"
"23","CHGOFF",38500,67,"KY","Construction"
"23","CHGOFF",20000,62,"NY","Construction"
"23","P I F",152000,300,"IL","Construction"
"53","P I F",75000,84,"NJ","Real estate"
"11","P I F",72000,84,"MS","Agriculture"
"53","P I F",59036,84,"PA","Real estate"
"53","P I F",61488,83,"RI","Real estate"
"23","CHGOFF",53803,43,"MN","Construction"
"23","P I F",50000,65,"ME","Construction"
"23","P I F",1e+05,60,"NY","Construction"
"23","P I F",43065,5,"VA","Construction"
"23","CHGOFF",122500,39,"FL","Construction"
"11","CHGOFF",212312,1,"NY","Agriculture"
"23","P I F",168827,84,"CA","Construction"
"23","P I F",133736,18,"IN","Construction"
"23","CHGOFF",17000,66,"FL","Construction"
"23","P I F",213000,240,"CA","Construction"
"11","CHGOFF",520000,108,"TX","Agriculture"
"23","CHGOFF",38000,53,"RI","Construction"
"23","P I F",26739,84,"OR","Construction"
"23","P I F",76000,84,"IL","Construction"
"23","CHGOFF",25000,23,"AL","Construction"
"23","CHGOFF",181250,5,"CA","Construction"
"23","P I F",20174,60,"NY","Construction"
"23","P I F",60996,84,"WA","Construction"
"23","P I F",1e+05,84,"ND","Construction"
"23","CHGOFF",51152,73,"CO","Construction"
"23","P I F",183100,120,"CA","Construction"
"71","P I F",146200,240,"UT","Recreation"
"23","CHGOFF",20000,76,"NY","Construction"
"23","P I F",64155,84,"CA","Construction"
"23","P I F",10580,84,"WY","Construction"
"23","CHGOFF",9950,66,"CA","Construction"
"23","P I F",314000,300,"CA","Construction"
"53","CHGOFF",630000,54,"IN","Real estate"
"23","P I F",160000,300,"NY","Construction"
"23","P I F",87600,48,"UT","Construction"
"71","P I F",60000,84,"SD","Recreation"
"23","P I F",5000,57,"NV","Construction"
"23","P I F",197000,13,"WA","Construction"
"53","CHGOFF",50000,32,"NY","Real estate"
"71","P I F",40600,84,"LA","Recreation"
"23","CHGOFF",25000,90,"CA","Construction"
"23","P I F",60199,84,"WA","Construction"
"71","P I F",134000,264,"FL","Recreation"
"23","P I F",50000,84,"FL","Construction"
"23","P I F",17514,84,"RI","Construction"
"53","P I F",50000,60,"IL","Real estate"
"53","P I F",74005,60,"OH","Real estate"
"23","P I F",130274,84,"MI","Construction"
"23","P I F",50000,60,"IN","Construction"
"23","P I F",5000,84,"WA","Construction"
"53","P I F",299000,240,"MN","Real estate"
"11","P I F",644000,186,"LA","Agriculture"
"23","P I F",18800,96,"MA","Construction"
"23","P I F",815000,300,"NV","Construction"
"71","P I F",20000,60,"OK","Recreation"
"71","P I F",23782,84,"RI","Recreation"
"23","P I F",453000,36,"MI","Construction"
"23","P I F",250000,12,"CA","Construction"
"23","P I F",50000,84,"CO","Construction"
"23","P I F",235000,180,"LA","Construction"
"23","P I F",35000,78,"WI","Construction"
"23","P I F",350000,84,"PA","Construction"
"23","P I F",10000,84,"FL","Construction"
"23","CHGOFF",45000,20,"OH","Construction"
"23","P I F",11783,84,"NH","Construction"
"53","P I F",45000,60,"MN","Real estate"
"71","P I F",75300,12,"MS","Recreation"
"23","P I F",450000,180,"MA","Construction"
"53","CHGOFF",445300,52,"TX","Real estate"
"71","P I F",114032,84,"SD","Recreation"
"23","P I F",26000,60,"ME","Construction"
"23","P I F",28606,84,"IL","Construction"
"71","P I F",69945,84,"MO","Recreation"
"23","CHGOFF",25000,79,"NJ","Construction"
"23","P I F",359987,300,"CA","Construction"
"23","P I F",10000,60,"NY","Construction"
"23","P I F",1e+05,60,"NY","Construction"
"23","P I F",50000,72,"OH","Construction"
"23","P I F",85000,288,"GA","Construction"
"23","P I F",237000,240,"FL","Construction"
"23","CHGOFF",50000,38,"FL","Construction"
"71","P I F",50000,60,"NJ","Recreation"
"23","CHGOFF",35000,47,"CO","Construction"
"23","P I F",188000,240,"CA","Construction"
"23","P I F",131590,84,"ID","Construction"
"23","P I F",39775,84,"FL","Construction"
"23","P I F",1e+05,84,"NY","Construction"
"11","P I F",1002000,120,"MS","Agriculture"
"23","P I F",20000,48,"NE","Construction"
"71","P I F",372000,240,"TX","Recreation"
"71","CHGOFF",374199,19,"CO","Recreation"
"71","P I F",150000,120,"MO","Recreation"
"53","P I F",250000,84,"CA","Real estate"
"23","P I F",25000,84,"WY","Construction"
"23","CHGOFF",16523,52,"MO","Construction"
"23","P I F",72000,180,"MT","Construction"
"23","P I F",51395,84,"WA","Construction"
"53","CHGOFF",30000,28,"PA","Real estate"
"23","CHGOFF",50000,41,"NY","Construction"
"23","P I F",50000,84,"TX","Construction"
"53","P I F",45000,84,"FL","Real estate"
"23","P I F",279501,84,"OR","Construction"
"23","CHGOFF",53558,35,"ID","Construction"
"71","CHGOFF",45833,78,"CA","Recreation"
"23","P I F",163000,240,"UT","Construction"
"11","P I F",19400,60,"MI","Agriculture"
"11","CHGOFF",215000,71,"AL","Agriculture"
"71","CHGOFF",25000,30,"IL","Recreation"
"23","P I F",25251,46,"PA","Construction"
"23","CHGOFF",47482,38,"WY","Construction"
"23","CHGOFF",27000,52,"NY","Construction"
"23","P I F",906007,72,"HI","Construction"
"23","P I F",491000,300,"CA","Construction"
"23","P I F",47600,63,"TX","Construction"
"23","P I F",70000,120,"MN","Construction"
"23","CHGOFF",30000,41,"NY","Construction"
"23","CHGOFF",18262,36,"GA","Construction"
"23","P I F",54827,84,"MA","Construction"
"23","P I F",60000,84,"VA","Construction"
"23","CHGOFF",63050,54,"IL","Construction"
"23","CHGOFF",58258,48,"CA","Construction"
"53","P I F",20000,60,"PA","Real estate"
"23","CHGOFF",70253,42,"NY","Construction"
"23","P I F",51950,90,"NC","Construction"
"23","P I F",25742,83,"CT","Construction"
"53","P I F",150000,120,"PA","Real estate"
"11","P I F",718000,240,"CA","Agriculture"
"53","CHGOFF",15000,10,"NY","Real estate"
"23","P I F",70000,84,"TN","Construction"
"23","P I F",63076,84,"MI","Construction"
"23","P I F",157418,84,"MA","Construction"
"23","P I F",150000,84,"TX","Construction"
"23","CHGOFF",25000,61,"MI","Construction"
"23","CHGOFF",55000,52,"NY","Construction"
"23","P I F",54000,84,"OH","Construction"
"53","P I F",75000,84,"FL","Real estate"
"11","P I F",285000,264,"GA","Agriculture"
"23","P I F",64800,60,"NC","Construction"
"23","CHGOFF",50000,50,"NY","Construction"
"53","P I F",42200,84,"LA","Real estate"
"23","P I F",50000,60,"AZ","Construction"
"23","P I F",7000,36,"CT","Construction"
"23","P I F",105000,240,"OH","Construction"
"23","P I F",179000,180,"CA","Construction"
"11","P I F",13200,12,"MS","Agriculture"
"71","P I F",80000,121,"IA","Recreation"
"53","P I F",90000,60,"NY","Real estate"
"23","P I F",153000,300,"NJ","Construction"
"23","P I F",51875,84,"OH","Construction"
"23","CHGOFF",47000,156,"CT","Construction"
"23","P I F",225000,84,"CA","Construction"
"23","CHGOFF",175000,47,"OK","Construction"
"71","CHGOFF",52500,42,"CA","Recreation"
"11","P I F",908000,240,"WI","Agriculture"
"23","CHGOFF",9e+05,159,"WI","Construction"
"71","CHGOFF",9686,35,"NY","Recreation"
"23","P I F",70493,48,"NY","Construction"
"23","CHGOFF",163344,22,"CA","Construction"
"23","P I F",125000,84,"ID","Construction"
"71","P I F",40000,60,"IA","Recreation"
"23","P I F",148250,48,"NY","Construction"
"23","CHGOFF",55000,67,"CA","Construction"
"23","CHGOFF",5000,80,"MD","Construction"
"53","CHGOFF",19500,66,"FL","Real estate"
"11","P I F",5100,120,"MS","Agriculture"
"23","P I F",512000,240,"AZ","Construction"
"23","CHGOFF",49000,54,"UT","Construction"
"23","P I F",150000,84,"ND","Construction"
"23","CHGOFF",70000,24,"VT","Construction"
"23","P I F",220000,60,"CT","Construction"
"53","CHGOFF",124609,42,"NV","Real estate"
"23","P I F",460000,12,"MI","Construction"
"23","P I F",35000,60,"IL","Construction"
"71","P I F",84933,60,"CT","Recreation"
"23","P I F",173050,29,"RI","Construction"
"23","CHGOFF",46650,55,"CA","Construction"
"23","P I F",50000,84,"MN","Construction"
"53","CHGOFF",25000,48,"CA","Real estate"
"23","CHGOFF",10000,38,"NC","Construction"
"23","P I F",150000,84,"CA","Construction"
"23","CHGOFF",237191,8,"IN","Construction"
"23","CHGOFF",30000,54,"MD","Construction"
"23","P I F",84000,240,"UT","Construction"
"53","CHGOFF",175452,34,"NY","Real estate"
"23","P I F",192000,120,"MD","Construction"
"23","P I F",81000,48,"MA","Construction"
"23","CHGOFF",16586,49,"FL","Construction"
"11","P I F",50000,60,"NY","Agriculture"
"53","P I F",27502,84,"NV","Real estate"
"23","P I F",119000,87,"IL","Construction"
"71","P I F",1e+05,180,"TN","Recreation"
"23","P I F",90000,102,"MO","Construction"
"23","P I F",19000,48,"MN","Construction"
"53","CHGOFF",176613,42,"FL","Real estate"
"23","P I F",60786,84,"PA","Construction"
"23","P I F",8400,36,"FL","Construction"
"23","P I F",40000,84,"MD","Construction"
"23","P I F",333000,240,"CA","Construction"
"23","CHGOFF",101515,43,"IL","Construction"
"53","CHGOFF",138859,14,"OH","Real estate"
"11","P I F",30500,3,"PA","Agriculture"
"23","CHGOFF",50000,67,"IL","Construction"
"23","P I F",173000,120,"TX","Construction"
"23","P I F",119764,84,"OH","Construction"
"11","P I F",448000,180,"MS","Agriculture"
"53","CHGOFF",25035,21,"CA","Real estate"
"23","CHGOFF",1e+05,34,"FL","Construction"
"23","P I F",517000,240,"NV","Construction"
"23","CHGOFF",99993,57,"NY","Construction"
"23","CHGOFF",50000,59,"NY","Construction"
"11","P I F",8800,12,"AR","Agriculture"
"23","P I F",25000,36,"MO","Construction"
"11","CHGOFF",63883,131,"MS","Agriculture"
"71","P I F",76305,84,"IL","Recreation"
"53","CHGOFF",112000,111,"WA","Real estate"
"23","P I F",255000,120,"AK","Construction"
"23","CHGOFF",110000,68,"FL","Construction"
"23","P I F",127000,240,"NH","Construction"
"71","P I F",250000,240,"IL","Recreation"
"23","P I F",846000,240,"CO","Construction"
"23","CHGOFF",371058,21,"ID","Construction"
"23","P I F",1e+05,60,"NY","Construction"
"23","P I F",249487,120,"TX","Construction"
"23","P I F",70096,60,"PA","Construction"
"11","P I F",170000,12,"NM","Agriculture"
"23","CHGOFF",50000,33,"NY","Construction"
"11","P I F",11700,60,"OR","Agriculture"
"23","P I F",25000,90,"CA","Construction"
"11","P I F",1e+05,168,"RI","Agriculture"
"23","CHGOFF",77500,47,"NJ","Construction"
"23","CHGOFF",180098,17,"PA","Construction"
"23","P I F",396000,300,"WA","Construction"
"23","P I F",87783,84,"MA","Construction"
"23","CHGOFF",50910,21,"FL","Construction"
"23","CHGOFF",79284,38,"CA","Construction"
"23","P I F",43900,66,"MO","Construction"
"23","P I F",30000,13,"CT","Construction"
"23","CHGOFF",95774,31,"IL","Construction"
"23","P I F",186000,120,"IA","Construction"
"23","P I F",75000,24,"SC","Construction"
"23","CHGOFF",50000,24,"NY","Construction"
"23","P I F",76000,51,"NY","Construction"
"23","CHGOFF",105000,89,"WI","Construction"
"53","CHGOFF",20000,72,"GA","Real estate"
"23","P I F",37011,60,"MI","Construction"
"23","P I F",10000,84,"CA","Construction"
"11","P I F",30000,4,"CA","Agriculture"
"23","CHGOFF",140821,40,"FL","Construction"
"23","P I F",40000,84,"GA","Construction"
"53","CHGOFF",20000,49,"MO","Real estate"
"23","CHGOFF",100750,9,"AZ","Construction"
"11","P I F",12500,84,"AZ","Agriculture"
"23","CHGOFF",50000,63,"AR","Construction"
"53","P I F",854000,300,"AZ","Real estate"
"23","P I F",65000,60,"NY","Construction"
"23","P I F",665000,300,"CA","Construction"
"23","P I F",163434,84,"MN","Construction"
"23","P I F",19468,84,"CO","Construction"
"23","CHGOFF",76844,56,"AZ","Construction"
"53","CHGOFF",75000,61,"NJ","Real estate"
"23","P I F",25000,84,"WI","Construction"
"23","P I F",30000,84,"FL","Construction"
"23","P I F",50000,84,"HI","Construction"
"23","CHGOFF",39197,64,"OR","Construction"
"23","CHGOFF",109533,62,"AZ","Construction"
"23","CHGOFF",100736,59,"CA","Construction"
"53","P I F",19728,60,"MI","Real estate"
"23","CHGOFF",374464,38,"NJ","Construction"
"23","P I F",282000,240,"NV","Construction"
"23","CHGOFF",286000,208,"WI","Construction"
"23","CHGOFF",123300,48,"KS","Construction"
"23","P I F",216000,300,"CA","Construction"
"23","P I F",104550,84,"MI","Construction"
"23","CHGOFF",30400,20,"TN","Construction"
"23","P I F",108958,84,"NY","Construction"
"23","P I F",245000,300,"AZ","Construction"
"23","P I F",53000,240,"FL","Construction"
"23","P I F",243021,24,"VT","Construction"
"23","P I F",70000,84,"NY","Construction"
"53","P I F",94419,84,"MI","Real estate"
"71","CHGOFF",5000,52,"CA","Recreation"
"53","CHGOFF",104257,57,"FL","Real estate"
"23","P I F",50000,84,"KS","Construction"
"23","P I F",150000,90,"CA","Construction"
"23","CHGOFF",10000,59,"CA","Construction"
"23","P I F",112244,115,"IN","Construction"
"23","P I F",205000,84,"VA","Construction"
"23","P I F",75892,84,"OR","Construction"
"53","P I F",109453,84,"NY","Real estate"
"71","P I F",76400,60,"NE","Recreation"
"53","CHGOFF",48000,59,"FL","Real estate"
"23","P I F",110000,120,"MO","Construction"
"23","P I F",76014,84,"TX","Construction"
"53","CHGOFF",5000,94,"MI","Real estate"
"53","CHGOFF",124919,46,"NY","Real estate"
"23","P I F",70000,13,"MN","Construction"
"23","P I F",22500,60,"MA","Construction"
"23","CHGOFF",42549,16,"MI","Construction"
"23","P I F",43099,118,"MA","Construction"
"23","CHGOFF",50824,46,"FL","Construction"
"23","P I F",80000,185,"FL","Construction"
"23","CHGOFF",83358,32,"IL","Construction"
"23","P I F",150000,84,"PA","Construction"
"53","P I F",55000,84,"PA","Real estate"
"23","P I F",2106713,60,"MO","Construction"
"23","CHGOFF",35433,40,"ID","Construction"
"71","P I F",2e+05,84,"CA","Recreation"
"23","P I F",50000,60,"NY","Construction"
"23","CHGOFF",95480,46,"AZ","Construction"
"71","P I F",1905000,240,"NH","Recreation"
"23","P I F",10000,84,"FL","Construction"
"71","CHGOFF",251059,30,"GA","Recreation"
"23","P I F",94920,84,"TX","Construction"
"53","P I F",50000,84,"TX","Real estate"
"23","CHGOFF",20000,41,"MD","Construction"
"23","P I F",15000,84,"OK","Construction"
"71","P I F",136000,84,"CA","Recreation"
"23","CHGOFF",83792,59,"CA","Construction"
"71","CHGOFF",5000,79,"TN","Recreation"
"71","CHGOFF",10000,55,"IL","Recreation"
"23","P I F",41578,71,"IN","Construction"
"23","P I F",35000,84,"TX","Construction"
"23","CHGOFF",15000,40,"CA","Construction"
"23","P I F",14400,84,"CT","Construction"
"23","P I F",153037,48,"NJ","Construction"
"71","P I F",1500000,240,"MA","Recreation"
"23","P I F",150000,6,"NY","Construction"
"23","P I F",1509000,240,"CO","Construction"
"23","P I F",30100,84,"CT","Construction"
"23","P I F",7000,60,"OH","Construction"
"23","CHGOFF",112246,48,"RI","Construction"
"23","CHGOFF",35000,74,"CA","Construction"
"71","P I F",29500,24,"PA","Recreation"
"23","P I F",31000,60,"IA","Construction"
"23","P I F",29957,84,"UT","Construction"
"23","P I F",148710,84,"UT","Construction"
"71","P I F",350000,180,"NM","Recreation"
"53","P I F",5000,84,"IL","Real estate"
"71","P I F",125000,85,"PA","Recreation"
"23","CHGOFF",95914,48,"FL","Construction"
"11","P I F",122000,120,"MS","Agriculture"
"23","CHGOFF",42600,11,"OH","Construction"
"23","CHGOFF",190063,15,"TX","Construction"
"11","P I F",2e+05,120,"KY","Agriculture"
"53","P I F",166500,240,"ME","Real estate"
"23","P I F",352500,300,"CA","Construction"
"23","P I F",42650,84,"NY","Construction"
"23","P I F",1466000,12,"MI","Construction"
"71","CHGOFF",2e+05,99,"TX","Recreation"
"71","CHGOFF",35000,56,"NY","Recreation"
"23","P I F",178966,84,"WA","Construction"
"11","P I F",25200,42,"MS","Agriculture"
"53","P I F",25000,92,"PA","Real estate"
"23","P I F",113000,12,"TX","Construction"
"23","CHGOFF",6e+05,166,"FL","Construction"
"23","P I F",75000,84,"OH","Construction"
"23","CHGOFF",100507,9,"OH","Construction"
"71","P I F",50000,60,"CA","Recreation"
"53","P I F",17000,57,"NY","Real estate"
"11","P I F",14500,120,"MS","Agriculture"
"53","P I F",195000,84,"CO","Real estate"
"11","CHGOFF",15000,45,"CA","Agriculture"
"53","CHGOFF",50000,37,"FL","Real estate"
"23","P I F",25000,84,"NY","Construction"
"71","P I F",67500,84,"UT","Recreation"
"11","P I F",160000,120,"MS","Agriculture"
"23","P I F",448712,84,"IL","Construction"
"23","P I F",2056244,60,"WY","Construction"
"53","CHGOFF",132000,95,"CA","Real estate"
"23","P I F",50000,84,"FL","Construction"
"23","P I F",69281,60,"CA","Construction"
"23","CHGOFF",103553,32,"UT","Construction"
"23","CHGOFF",280000,61,"MO","Construction"
"23","CHGOFF",75000,59,"NJ","Construction"
"23","CHGOFF",278389,3,"NY","Construction"
"23","P I F",150150,84,"AK","Construction"
"23","P I F",35000,84,"PA","Construction"
"23","P I F",150000,84,"TX","Construction"
"23","CHGOFF",87862,33,"NV","Construction"
"53","CHGOFF",47879,26,"CO","Real estate"
"23","CHGOFF",91400,5,"OH","Construction"
"23","P I F",14644,84,"NJ","Construction"
"23","P I F",20982,84,"TX","Construction"
"23","CHGOFF",50000,53,"GA","Construction"
"23","CHGOFF",205000,43,"NE","Construction"
"53","CHGOFF",1e+05,63,"NY","Real estate"
"23","P I F",24000,48,"NY","Construction"
"23","P I F",115000,88,"IL","Construction"
"23","CHGOFF",1e+05,41,"MI","Construction"
"53","CHGOFF",50000,71,"CO","Real estate"
"23","P I F",30000,84,"TX","Construction"
"23","P I F",50000,84,"VA","Construction"
"23","P I F",80336,84,"KY","Construction"
"71","P I F",10000,84,"MD","Recreation"
"23","CHGOFF",1e+05,58,"IL","Construction"
"23","P I F",155000,84,"WI","Construction"
"71","P I F",90000,240,"NH","Recreation"
"11","P I F",46641,84,"RI","Agriculture"
"23","P I F",63262,84,"CA","Construction"
"23","P I F",35000,36,"OH","Construction"
"53","P I F",9100,36,"VT","Real estate"
"71","P I F",998000,278,"CO","Recreation"
"23","P I F",572000,240,"MN","Construction"
"23","CHGOFF",59546,30,"MN","Construction"
"23","P I F",30000,60,"IL","Construction"
"23","CHGOFF",50000,54,"IL","Construction"
"71","P I F",25400,66,"IL","Recreation"
"71","P I F",60000,84,"PA","Recreation"
"71","P I F",21400,63,"PA","Recreation"
"23","CHGOFF",167542,22,"IL","Construction"
"23","CHGOFF",42234,53,"NJ","Construction"
"23","P I F",117000,300,"CA","Construction"
"53","CHGOFF",25000,46,"MN","Real estate"
"71","P I F",50000,84,"MA","Recreation"
"23","P I F",8000,60,"UT","Construction"
"11","P I F",35000,78,"MS","Agriculture"
"23","P I F",19311,84,"WA","Construction"
"23","P I F",2e+05,13,"VA","Construction"
"23","P I F",50000,84,"TX","Construction"
"23","P I F",11100,60,"IL","Construction"
"23","P I F",110000,240,"VA","Construction"
"53","CHGOFF",208200,160,"VA","Real estate"
"23","CHGOFF",42811,41,"MI","Construction"
"71","P I F",105368,84,"IN","Recreation"
"23","P I F",28000,60,"TX","Construction"
"23","P I F",37959,84,"CO","Construction"
"23","CHGOFF",373500,155,"IA","Construction"
"23","CHGOFF",91400,41,"NY","Construction"
"23","CHGOFF",156625,33,"OK","Construction"
"71","P I F",287000,99,"CA","Recreation"
"23","P I F",50000,84,"NY","Construction"
"23","P I F",119316,84,"MT","Construction"
"23","P I F",160312,84,"ID","Construction"
"23","P I F",99800,80,"IA","Construction"
"23","P I F",110000,72,"GA","Construction"
"71","P I F",1e+06,272,"LA","Recreation"
"23","P I F",9800,84,"WI","Construction"
"23","P I F",337500,60,"MO","Construction"
"23","CHGOFF",60000,61,"TN","Construction"
"23","CHGOFF",75000,66,"PA","Construction"
"53","P I F",212000,300,"CA","Real estate"
"23","P I F",1170000,240,"CA","Construction"
"11","P I F",35000,78,"VT","Agriculture"
"11","P I F",118836,120,"CA","Agriculture"
"23","CHGOFF",20000,61,"UT","Construction"
"23","P I F",2e+05,132,"AL","Construction"
"23","P I F",28000,60,"NH","Construction"
"23","P I F",107500,84,"WI","Construction"
"53","CHGOFF",35000,23,"UT","Real estate"
"23","P I F",450000,84,"NY","Construction"
"71","P I F",92600,300,"IL","Recreation"
"23","P I F",521559,84,"WI","Construction"
"23","P I F",50000,84,"MD","Construction"
"23","P I F",15000,84,"MA","Construction"
"23","CHGOFF",70000,124,"PA","Construction"
"23","P I F",212500,180,"CA","Construction"
"23","P I F",30078,84,"GA","Construction"
"23","P I F",15000,84,"TX","Construction"
"71","P I F",49879,84,"GA","Recreation"
"23","P I F",25500,78,"FL","Construction"
"23","P I F",225000,36,"CA","Construction"
"23","P I F",354000,240,"FL","Construction"
"23","CHGOFF",150000,46,"FL","Construction"
"23","CHGOFF",10000,9,"SC","Construction"
"23","CHGOFF",35000,48,"NY","Construction"
"53","P I F",86179,84,"NY","Real estate"
"53","P I F",62651,84,"OR","Real estate"
"23","P I F",150000,84,"IN","Construction"
"23","P I F",225000,84,"MD","Construction"
"71","P I F",13117,84,"NJ","Recreation"
"71","CHGOFF",34079,44,"GA","Recreation"
"23","P I F",100508,84,"CO","Construction"
"71","P I F",50000,60,"CT","Recreation"
"11","P I F",65000,90,"MN","Agriculture"
"23","P I F",65500,84,"ME","Construction"
"23","P I F",277100,300,"TX","Construction"
"11","P I F",320000,180,"TX","Agriculture"
"23","P I F",246000,300,"CA","Construction"
"23","CHGOFF",25000,44,"TN","Construction"
"23","P I F",52442,48,"CT","Construction"
"53","CHGOFF",59187,51,"NY","Real estate"
"23","P I F",10000,60,"FL","Construction"
"53","CHGOFF",63132,84,"NY","Real estate"
"23","CHGOFF",55000,48,"WI","Construction"
"23","CHGOFF",100890,53,"CA","Construction"
"23","P I F",30506,84,"CO","Construction"
"71","CHGOFF",77786,67,"OH","Recreation"
"71","CHGOFF",195000,65,"WI","Recreation"
"71","P I F",196000,240,"IA","Recreation"
"71","CHGOFF",25000,63,"MD","Recreation"
"23","P I F",8500,36,"CA","Construction"
"53","P I F",50000,84,"MI","Real estate"
"23","P I F",31600,84,"MT","Construction"
"71","P I F",75000,84,"NY","Recreation"
"23","P I F",34450,60,"ND","Construction"
"53","P I F",34140,60,"NY","Real estate"
"71","P I F",75000,240,"MN","Recreation"
"71","P I F",128000,90,"TX","Recreation"
"23","CHGOFF",65087,50,"MI","Construction"
"23","CHGOFF",445353,30,"IL","Construction"
"23","P I F",20000,52,"CA","Construction"
"71","P I F",825000,240,"MA","Recreation"
"53","CHGOFF",60858,63,"CA","Real estate"
"23","CHGOFF",323000,89,"NE","Construction"
"23","P I F",5e+05,120,"NV","Construction"
"23","P I F",68207,84,"MD","Construction"
"23","P I F",25000,84,"FL","Construction"
"23","P I F",1e+05,84,"CA","Construction"
"23","P I F",75000,12,"MA","Construction"
"71","P I F",85000,84,"NY","Recreation"
"23","CHGOFF",152066,59,"CA","Construction"
"23","P I F",240461,48,"CT","Construction"
"23","P I F",41000,84,"FL","Construction"
"23","P I F",1e+05,60,"CA","Construction"
"11","P I F",146000,180,"ND","Agriculture"
"71","CHGOFF",73000,33,"WV","Recreation"
"23","P I F",148964,84,"GA","Construction"
"23","P I F",375932,84,"MA","Construction"
"23","CHGOFF",35241,27,"NY","Construction"
"71","P I F",45500,84,"CO","Recreation"
"23","P I F",33912,60,"VA","Construction"
"53","P I F",31609,84,"MN","Real estate"
"23","P I F",90042,84,"PA","Construction"
"23","P I F",229528,36,"MN","Construction"
"23","P I F",10000,84,"NY","Construction"
"11","P I F",852000,5,"WA","Agriculture"
"11","P I F",20200,24,"MS","Agriculture"
"11","CHGOFF",559000,101,"TX","Agriculture"
"23","P I F",25000,60,"UT","Construction"
"71","P I F",43420,60,"CA","Recreation"
"23","P I F",55594,84,"LA","Construction"
"71","P I F",1439000,240,"MA","Recreation"
"23","CHGOFF",517172,49,"MI","Construction"
"23","CHGOFF",25000,72,"AL","Construction"
"53","P I F",10000,60,"IN","Real estate"
"71","P I F",150000,84,"ME","Recreation"
"71","P I F",150000,111,"WA","Recreation"
"53","P I F",578000,85,"TX","Real estate"
"23","CHGOFF",12853,48,"MN","Construction"
"53","P I F",105159,84,"MI","Real estate"
"11","CHGOFF",93290,81,"MS","Agriculture"
"23","P I F",72500,84,"NY","Construction"
"23","P I F",28361,84,"CO","Construction"
"53","P I F",40000,84,"AZ","Real estate"
"23","P I F",1e+05,60,"MA","Construction"
"53","P I F",6e+05,300,"MN","Real estate"
"23","CHGOFF",351650,38,"FL","Construction"
"23","P I F",20000,84,"AL","Construction"
"23","CHGOFF",15000,60,"NJ","Construction"
"53","P I F",37238,60,"IN","Real estate"
"23","CHGOFF",10000,34,"FL","Construction"
"71","P I F",50000,120,"SC","Recreation"
"53","P I F",20000,84,"NC","Real estate"
"23","P I F",220000,86,"ID","Construction"
"23","P I F",30000,60,"MD","Construction"
"71","CHGOFF",91559,52,"VA","Recreation"
"53","CHGOFF",87500,58,"FL","Real estate"
"23","P I F",25000,84,"MD","Construction"
"23","P I F",7309,84,"RI","Construction"
"23","CHGOFF",20000,15,"AR","Construction"
"53","P I F",25500,46,"NY","Real estate"
"23","P I F",21484,84,"FL","Construction"
"23","P I F",58629,60,"IN","Construction"
"23","CHGOFF",282467,11,"MO","Construction"
"23","P I F",20000,84,"OH","Construction"
"23","P I F",50000,84,"CA","Construction"
"23","CHGOFF",62455,54,"MA","Construction"
"23","CHGOFF",5000,107,"CO","Construction"
"11","P I F",1003000,240,"MN","Agriculture"
"23","P I F",35000,84,"MO","Construction"
"53","P I F",15000,59,"TX","Real estate"
"53","CHGOFF",15000,73,"OH","Real estate"
"23","P I F",15500,72,"UT","Construction"
"23","P I F",368000,300,"ND","Construction"
"23","P I F",130000,48,"MN","Construction"
"23","P I F",48399,84,"MO","Construction"
"23","CHGOFF",45000,53,"VA","Construction"
"23","CHGOFF",45000,34,"NJ","Construction"
"23","CHGOFF",150000,91,"IA","Construction"
"53","CHGOFF",144904,42,"AZ","Real estate"
"23","P I F",15000,84,"NC","Construction"
"23","P I F",127966,126,"IL","Construction"
"71","P I F",50000,36,"NJ","Recreation"
"23","P I F",55032,84,"MN","Construction"
"11","P I F",1230000,180,"AR","Agriculture"
"23","CHGOFF",75000,44,"OH","Construction"
"23","CHGOFF",57503,39,"NY","Construction"
"23","CHGOFF",10000,47,"NJ","Construction"
"53","CHGOFF",83916,46,"CA","Real estate"
"23","P I F",5000,84,"CA","Construction"
"23","P I F",295000,288,"TX","Construction"
"23","P I F",35000,115,"AZ","Construction"
"23","CHGOFF",17424,57,"TX","Construction"
"23","P I F",10000,84,"VA","Construction"
"23","CHGOFF",139762,5,"PA","Construction"
"23","P I F",32000,71,"GA","Construction"
"23","P I F",35000,90,"MT","Construction"
"23","P I F",27000,84,"FL","Construction"
"23","P I F",75000,84,"FL","Construction"
"23","P I F",97202,84,"UT","Construction"
"23","P I F",3e+05,120,"TN","Construction"
"11","P I F",245000,10,"IA","Agriculture"
"23","P I F",20376,84,"CA","Construction"
"23","CHGOFF",12000,50,"NJ","Construction"
"53","P I F",26432,84,"MI","Real estate"
"23","P I F",10390,78,"OH","Construction"
"23","P I F",75000,84,"MN","Construction"
"23","P I F",9e+05,120,"MD","Construction"
"53","P I F",335000,300,"NM","Real estate"
"23","CHGOFF",106000,24,"WV","Construction"
"23","P I F",10000,84,"CA","Construction"
"71","P I F",54401,84,"CA","Recreation"
"53","CHGOFF",396934,11,"OH","Real estate"
"23","P I F",19900,60,"PA","Construction"
"53","CHGOFF",115000,79,"PA","Real estate"
"23","CHGOFF",37616,43,"NV","Construction"
"11","P I F",521000,192,"MS","Agriculture"
"23","P I F",3e+05,299,"CA","Construction"
"23","P I F",15000,84,"NC","Construction"
"71","P I F",15000,84,"CA","Recreation"
"23","CHGOFF",64000,34,"CA","Construction"
"23","P I F",753000,300,"GA","Construction"
"23","P I F",40483,84,"WA","Construction"
"53","P I F",30000,60,"PA","Real estate"
"53","CHGOFF",20000,57,"CA","Real estate"
"53","P I F",110010,84,"CA","Real estate"
"11","P I F",140000,66,"ME","Agriculture"
"71","P I F",85000,63,"IN","Recreation"
"23","P I F",1e+05,84,"TX","Construction"
"23","CHGOFF",50000,56,"TX","Construction"
"23","P I F",76500,84,"UT","Construction"
"71","CHGOFF",473000,126,"NJ","Recreation"
"23","P I F",397945,120,"TX","Construction"
"23","P I F",383000,240,"NY","Construction"
"53","CHGOFF",21678,69,"UT","Real estate"
"23","P I F",50000,84,"CT","Construction"
"23","P I F",55000,36,"MA","Construction"
"23","CHGOFF",81938,41,"AZ","Construction"
"23","CHGOFF",10000,71,"GA","Construction"
"71","P I F",22905,84,"OR","Recreation"
"23","CHGOFF",104986,46,"IL","Construction"
"23","P I F",100376,84,"WI","Construction"
"23","P I F",140000,57,"CA","Construction"
"23","P I F",65000,60,"TX","Construction"
"23","P I F",99000,84,"IL","Construction"
"11","P I F",25000,48,"MT","Agriculture"
"23","CHGOFF",148551,66,"IL","Construction"
"23","CHGOFF",47050,56,"CA","Construction"
"23","P I F",3e+05,60,"LA","Construction"
"71","P I F",40000,60,"NY","Recreation"
"23","P I F",80527,84,"TX","Construction"
"23","CHGOFF",19900,4,"MI","Construction"
"23","P I F",415000,300,"ME","Construction"
"53","P I F",50000,84,"RI","Real estate"
"23","P I F",25000,12,"DE","Construction"
"23","CHGOFF",26000,29,"UT","Construction"
"23","P I F",144351,84,"UT","Construction"
"53","P I F",25000,84,"TX","Real estate"
"23","P I F",25000,84,"PA","Construction"
"23","CHGOFF",85320,39,"CA","Construction"
"71","P I F",1e+06,309,"OR","Recreation"
"23","P I F",14661,84,"IA","Construction"
"23","P I F",164394,84,"MI","Construction"
"53","P I F",20000,60,"PA","Real estate"
"23","P I F",196000,240,"CO","Construction"
"23","CHGOFF",19920,45,"RI","Construction"
"71","P I F",34500,73,"IA","Recreation"
"71","P I F",75681,81,"MA","Recreation"
"53","CHGOFF",71196,66,"FL","Real estate"
"23","P I F",750000,178,"AL","Construction"
"53","CHGOFF",25000,63,"OR","Real estate"
"23","P I F",122000,84,"CA","Construction"
"23","CHGOFF",35000,19,"VA","Construction"
"23","P I F",440600,84,"MO","Construction"
"23","P I F",350000,144,"UT","Construction"
"11","P I F",117671,60,"WV","Agriculture"
"23","CHGOFF",150000,30,"NJ","Construction"
"23","P I F",125000,84,"IL","Construction"
"23","CHGOFF",55500,35,"NJ","Construction"
"23","P I F",33000,36,"MD","Construction"
"23","CHGOFF",2e+05,137,"NH","Construction"
"23","CHGOFF",25000,28,"VA","Construction"
"71","P I F",1270000,268,"FL","Recreation"
"23","P I F",130000,84,"AZ","Construction"
"71","P I F",25600,84,"MS","Recreation"
"23","CHGOFF",40139,36,"MN","Construction"
"71","CHGOFF",50000,105,"TX","Recreation"
"23","CHGOFF",47372,69,"AZ","Construction"
"23","P I F",165000,264,"FL","Construction"
"23","CHGOFF",148036,9,"GA","Construction"
"71","P I F",288000,120,"GA","Recreation"
"23","P I F",1e+05,180,"MI","Construction"
"23","CHGOFF",50000,60,"PA","Construction"
"23","P I F",1e+05,60,"MO","Construction"
"23","P I F",25000,84,"TX","Construction"
"23","CHGOFF",61864,18,"CO","Construction"
"23","P I F",30000,60,"TX","Construction"
"11","P I F",670000,180,"LA","Agriculture"
"23","P I F",250100,240,"IN","Construction"
"23","P I F",83836,84,"NY","Construction"
"23","P I F",209000,240,"UT","Construction"
"53","P I F",98000,93,"AL","Real estate"
"23","CHGOFF",101156,58,"UT","Construction"
"23","CHGOFF",576981,4,"ID","Construction"
"23","P I F",324700,60,"LA","Construction"
"23","P I F",10000,24,"PA","Construction"
"23","P I F",240858,84,"OR","Construction"
"23","P I F",286909,24,"MT","Construction"
"53","CHGOFF",54926,75,"TX","Real estate"
"23","P I F",225000,240,"NV","Construction"
"53","P I F",55000,84,"TX","Real estate"
"71","P I F",364000,240,"CA","Recreation"
"53","CHGOFF",18061,50,"IL","Real estate"
"53","CHGOFF",1e+05,55,"FL","Real estate"
"23","P I F",60000,84,"NC","Construction"
"53","CHGOFF",147526,50,"MN","Real estate"
"23","CHGOFF",25000,22,"CA","Construction"
"23","P I F",30000,12,"MO","Construction"
"11","P I F",240000,180,"IA","Agriculture"
"23","P I F",158946,84,"TX","Construction"
"53","P I F",21009,84,"MA","Real estate"
"23","CHGOFF",139500,73,"GA","Construction"
"23","P I F",46279,84,"UT","Construction"
"23","P I F",1e+05,96,"WA","Construction"
"23","P I F",30000,84,"MT","Construction"
"23","P I F",29900,60,"NY","Construction"
"71","P I F",718000,240,"CA","Recreation"
"23","P I F",210000,186,"AL","Construction"
"23","CHGOFF",42500,34,"ID","Construction"
"71","P I F",1500000,252,"WI","Recreation"
"23","P I F",150000,60,"NY","Construction"
"23","P I F",75870,84,"FL","Construction"
"11","P I F",74237,84,"NH","Agriculture"
"23","P I F",48503,84,"IN","Construction"
"23","P I F",899480,300,"AZ","Construction"
"53","P I F",38684,35,"MT","Real estate"
"23","CHGOFF",190000,46,"NY","Construction"
"23","P I F",410000,120,"MD","Construction"
"53","P I F",301706,84,"CO","Real estate"
"23","CHGOFF",185000,56,"FL","Construction"
"23","P I F",51500,36,"NJ","Construction"
"23","CHGOFF",5000,83,"LA","Construction"
"23","P I F",52000,84,"UT","Construction"
"53","CHGOFF",34781,16,"MA","Real estate"
"23","P I F",99000,84,"CA","Construction"
"23","CHGOFF",22155,25,"UT","Construction"
"23","P I F",179055,84,"AZ","Construction"
"23","CHGOFF",125371,41,"IL","Construction"
"71","P I F",240000,84,"IL","Recreation"
"71","P I F",25000,84,"PA","Recreation"
"71","CHGOFF",965500,227,"WA","Recreation"
"11","P I F",65500,137,"WA","Agriculture"
"11","P I F",8000,6,"IA","Agriculture"
"23","CHGOFF",20573,46,"IN","Construction"
"53","P I F",318000,84,"NY","Real estate"
"23","P I F",29621,60,"MI","Construction"
"53","CHGOFF",75000,66,"FL","Real estate"
"53","P I F",42559,84,"TX","Real estate"
"23","P I F",70000,84,"CA","Construction"
"23","P I F",50000,8,"MO","Construction"
"23","P I F",33000,64,"SD","Construction"
"23","CHGOFF",25000,37,"TX","Construction"
"23","P I F",21000,84,"TN","Construction"
"23","P I F",519000,87,"IN","Construction"
"23","P I F",2e+06,120,"WI","Construction"
"53","CHGOFF",52488,54,"RI","Real estate"
"23","P I F",38141,84,"CO","Construction"
"23","CHGOFF",207302,53,"UT","Construction"
"23","P I F",26000,84,"NJ","Construction"
"23","P I F",190581,84,"TX","Construction"
"23","CHGOFF",297725,6,"CT","Construction"
"23","CHGOFF",27550,23,"CA","Construction"
"71","P I F",35000,84,"ME","Recreation"
"23","P I F",1e+05,84,"UT","Construction"
"11","P I F",905000,180,"GA","Agriculture"
"23","P I F",3e+05,84,"VA","Construction"
"23","P I F",1e+05,13,"HI","Construction"
"53","CHGOFF",25000,69,"CA","Real estate"
"11","P I F",66500,60,"ID","Agriculture"
"23","P I F",106000,240,"UT","Construction"
"23","P I F",1e+05,12,"IA","Construction"
"23","P I F",8000,84,"FL","Construction"
"53","P I F",2e+05,84,"CA","Real estate"
"53","P I F",18000,84,"FL","Real estate"
"23","CHGOFF",15000,107,"NC","Construction"
"53","P I F",40000,84,"CA","Real estate"
"23","CHGOFF",255500,77,"ID","Construction"
"53","P I F",252000,120,"CA","Real estate"
"11","CHGOFF",35000,31,"LA","Agriculture"
"53","P I F",25000,84,"PA","Real estate"
"23","P I F",15000,199,"IL","Construction"
"23","CHGOFF",15000,54,"OH","Construction"
"71","P I F",52737,84,"MN","Recreation"
"71","P I F",45000,48,"KS","Recreation"
"23","P I F",55000,21,"NH","Construction"
"23","CHGOFF",10000,38,"FL","Construction"
"23","CHGOFF",25000,36,"NY","Construction"
"23","P I F",344000,120,"GA","Construction"
"53","CHGOFF",250000,46,"OR","Real estate"
"23","P I F",66000,60,"WI","Construction"
"53","CHGOFF",15000,38,"FL","Real estate"
"23","CHGOFF",385483,18,"MI","Construction"
"23","CHGOFF",55801,41,"MA","Construction"
"71","P I F",3e+05,120,"NE","Recreation"
"11","CHGOFF",15000,68,"WY","Agriculture"
"71","P I F",147600,120,"MT","Recreation"
"23","P I F",309949,60,"PA","Construction"
"23","P I F",20000,48,"NY","Construction"
"53","CHGOFF",75000,38,"FL","Real estate"
"23","CHGOFF",160800,27,"WI","Construction"
"53","P I F",25000,84,"CA","Real estate"
"11","P I F",175000,180,"AR","Agriculture"
"23","P I F",104298,12,"CA","Construction"
"23","P I F",25000,83,"CO","Construction"
"71","P I F",10000,84,"GA","Recreation"
"23","P I F",88800,84,"TN","Construction"
"71","P I F",34842,60,"WV","Recreation"
"53","P I F",157500,300,"NY","Real estate"
"23","P I F",22370,48,"NJ","Construction"
"11","P I F",460000,180,"TX","Agriculture"
"23","P I F",161708,60,"OH","Construction"
"23","CHGOFF",39462,31,"OH","Construction"
"23","P I F",108831,84,"OR","Construction"
"23","P I F",35000,3,"FL","Construction"
"71","CHGOFF",461900,112,"FL","Recreation"
"23","P I F",55000,84,"SC","Construction"
"23","CHGOFF",75000,59,"KY","Construction"
"53","CHGOFF",27936,50,"UT","Real estate"
"53","P I F",51800,60,"TX","Real estate"
"23","P I F",125000,84,"KS","Construction"
"23","CHGOFF",31697,62,"NY","Construction"
"23","CHGOFF",5000,51,"NY","Construction"
"53","P I F",20000,48,"FL","Real estate"
"11","P I F",2e+05,84,"TX","Agriculture"
"23","CHGOFF",51000,71,"CT","Construction"
"23","P I F",46427,84,"VA","Construction"
"23","P I F",10000,84,"GA","Construction"
"23","P I F",494581,46,"KY","Construction"
"23","P I F",9450,84,"NY","Construction"
"23","CHGOFF",100551,29,"PA","Construction"
"11","P I F",120000,180,"MS","Agriculture"
"23","P I F",150000,84,"MN","Construction"
"23","P I F",101034,84,"TX","Construction"
"23","P I F",187913,84,"IL","Construction"
"23","P I F",18000,18,"OR","Construction"
"23","P I F",45000,84,"FL","Construction"
"23","CHGOFF",75377,27,"CA","Construction"
"23","P I F",37500,36,"WV","Construction"
"23","P I F",75000,24,"MA","Construction"
"23","CHGOFF",61875,33,"IN","Construction"
"71","P I F",677000,120,"GA","Recreation"
"11","P I F",62800,84,"PA","Agriculture"
"71","P I F",18083,84,"PA","Recreation"
"23","P I F",150000,240,"CA","Construction"
"23","P I F",10000,84,"TN","Construction"
"53","P I F",204082,84,"FL","Real estate"
"23","P I F",78409,84,"CA","Construction"
"23","P I F",60000,66,"MD","Construction"
"23","P I F",50000,60,"NY","Construction"
"71","CHGOFF",10000,12,"VA","Recreation"
"53","P I F",25000,84,"OK","Real estate"
"53","P I F",140000,60,"MO","Real estate"
"23","P I F",5000,84,"TX","Construction"
"23","CHGOFF",76000,5,"NC","Construction"
"53","P I F",142832,84,"WA","Real estate"
"23","P I F",20000,84,"ID","Construction"
"23","P I F",261500,300,"GA","Construction"
"23","CHGOFF",242200,263,"VA","Construction"
"23","CHGOFF",43781,45,"FL","Construction"
"23","CHGOFF",23209,27,"MA","Construction"
"23","CHGOFF",182254,57,"MO","Construction"
"23","P I F",5000,36,"MI","Construction"
"53","CHGOFF",93624,53,"NJ","Real estate"
"71","P I F",5000,84,"UT","Recreation"
"53","CHGOFF",19260,64,"CA","Real estate"
"23","CHGOFF",29954,37,"PA","Construction"
"23","CHGOFF",72500,30,"CA","Construction"
"23","P I F",393592,24,"NV","Construction"
"23","P I F",560000,180,"MA","Construction"
"23","P I F",70000,84,"WV","Construction"
"23","P I F",278000,240,"CA","Construction"
"23","P I F",61940,84,"OH","Construction"
"71","P I F",51000,36,"CA","Recreation"
"23","P I F",70000,60,"IN","Construction"
"23","P I F",135000,84,"MN","Construction"
"71","P I F",265000,84,"MO","Recreation"
"53","P I F",35000,90,"TX","Real estate"
"23","CHGOFF",10000,53,"GA","Construction"
"71","P I F",1e+05,60,"NY","Recreation"
"23","P I F",31559,84,"MN","Construction"
"53","CHGOFF",34307,56,"CA","Real estate"
"23","P I F",43000,84,"IA","Construction"
"53","P I F",435000,4,"AZ","Real estate"
"23","P I F",60255,84,"NY","Construction"
"71","P I F",330000,120,"MA","Recreation"
"71","P I F",130000,96,"CT","Recreation"
"23","CHGOFF",6e+05,92,"IL","Construction"
"23","P I F",30000,60,"OH","Construction"
"23","CHGOFF",65540,60,"NY","Construction"
"23","P I F",572000,240,"NH","Construction"
"23","P I F",111943,60,"PA","Construction"
"71","CHGOFF",75000,40,"WI","Recreation"
"23","CHGOFF",628000,274,"CA","Construction"
"23","CHGOFF",25695,48,"IL","Construction"
"23","P I F",525000,180,"GA","Construction"
"23","CHGOFF",159000,59,"FL","Construction"
"23","P I F",412000,240,"CA","Construction"
"23","CHGOFF",72000,43,"FL","Construction"
"23","CHGOFF",52905,22,"CA","Construction"
"11","P I F",382500,180,"MS","Agriculture"
"53","CHGOFF",20000,29,"WI","Real estate"
"23","P I F",379000,240,"OH","Construction"
"23","CHGOFF",530000,258,"CA","Construction"
"53","CHGOFF",42293,73,"FL","Real estate"
"53","P I F",13000,84,"WA","Real estate"
"23","CHGOFF",250000,60,"MN","Construction"
"23","P I F",52949,84,"OR","Construction"
"23","P I F",22580,84,"NE","Construction"
"23","P I F",143000,240,"CA","Construction"
"71","P I F",48399,84,"WI","Recreation"
"53","CHGOFF",25000,14,"IL","Real estate"
"23","CHGOFF",97763,38,"NH","Construction"
"23","P I F",25000,84,"MN","Construction"
"23","P I F",35000,78,"TN","Construction"
"23","P I F",75000,84,"NY","Construction"
"23","P I F",1e+05,120,"UT","Construction"
"23","CHGOFF",240000,46,"WA","Construction"
"23","P I F",56680,24,"WY","Construction"
"53","P I F",12973,84,"CA","Real estate"
"23","CHGOFF",14944,36,"NM","Construction"
"23","P I F",150000,84,"ND","Construction"
"11","P I F",1e+05,84,"KS","Agriculture"
"23","P I F",25000,84,"NY","Construction"
"23","P I F",511600,119,"UT","Construction"
"53","CHGOFF",24516,58,"IN","Real estate"
"53","CHGOFF",25000,78,"IL","Real estate"
"23","CHGOFF",234267,49,"CO","Construction"
"23","P I F",20000,84,"CT","Construction"
"23","P I F",10000,84,"IL","Construction"
"23","P I F",491000,240,"CA","Construction"
"23","P I F",5000,84,"OH","Construction"
"23","P I F",35000,60,"MA","Construction"
"23","P I F",64338,84,"RI","Construction"
"23","P I F",31661,60,"FL","Construction"
"23","P I F",30500,84,"VA","Construction"
"23","P I F",7e+05,84,"IL","Construction"
"23","CHGOFF",18000,61,"FL","Construction"
"71","CHGOFF",43500,66,"FL","Recreation"
"23","P I F",279000,240,"CA","Construction"
"23","P I F",37136,84,"NE","Construction"
"11","P I F",32000,84,"MS","Agriculture"
"23","P I F",120000,180,"WV","Construction"
"23","CHGOFF",18000,27,"MI","Construction"
"53","P I F",534200,288,"CA","Real estate"
"71","P I F",689000,120,"WA","Recreation"
"23","P I F",217000,240,"GA","Construction"
"23","P I F",15000,84,"MD","Construction"
"53","CHGOFF",35000,68,"NC","Real estate"
"23","P I F",25000,84,"FL","Construction"
"23","P I F",35801,60,"PA","Construction"
"23","P I F",50000,47,"WI","Construction"
"23","P I F",58500,48,"MA","Construction"
"23","P I F",179000,240,"CO","Construction"
"23","CHGOFF",17383,60,"CO","Construction"
"23","P I F",427500,300,"CA","Construction"
"23","P I F",56438,84,"UT","Construction"
"23","P I F",1e+05,90,"GA","Construction"
"23","P I F",22500,84,"UT","Construction"
"53","P I F",245000,240,"CA","Real estate"
"71","P I F",98000,83,"VT","Recreation"
"23","CHGOFF",50000,54,"TX","Construction"
"23","CHGOFF",31500,58,"MD","Construction"
"23","P I F",49325,72,"OH","Construction"
"23","P I F",61052,13,"MT","Construction"
"23","CHGOFF",438800,134,"TX","Construction"
"23","P I F",171494,84,"OR","Construction"
"71","P I F",60000,84,"NY","Recreation"
"23","P I F",60000,60,"MI","Construction"
"23","P I F",60000,60,"IL","Construction"
"23","P I F",20600,72,"ID","Construction"
"53","P I F",2e+06,84,"TN","Real estate"
"23","P I F",75000,60,"NY","Construction"
"23","P I F",20000,84,"FL","Construction"
"23","P I F",25000,48,"OH","Construction"
"23","P I F",75000,60,"NY","Construction"
"23","CHGOFF",15800,16,"CT","Construction"
"23","CHGOFF",198814,2,"MN","Construction"
"53","CHGOFF",40876,54,"CA","Real estate"
"23","CHGOFF",88200,43,"ID","Construction"
"53","P I F",7500,120,"CA","Real estate"
"71","CHGOFF",220000,212,"MO","Recreation"
"23","CHGOFF",23661,40,"FL","Construction"
"23","P I F",170000,60,"DE","Construction"
"23","P I F",25000,84,"PA","Construction"
"23","P I F",6e+05,84,"IA","Construction"
"53","P I F",40000,84,"NH","Real estate"
"23","P I F",50000,43,"WI","Construction"
"71","P I F",102000,60,"OH","Recreation"
"71","P I F",20000,60,"PA","Recreation"
"23","CHGOFF",163632,43,"CO","Construction"
"23","P I F",220000,12,"MN","Construction"
"23","P I F",148553,84,"KS","Construction"
"23","P I F",60000,84,"AZ","Construction"
"71","CHGOFF",85000,99,"CA","Recreation"
"23","P I F",59983,84,"CO","Construction"
"71","CHGOFF",131609,55,"MI","Recreation"
"71","P I F",520000,72,"NC","Recreation"
"11","P I F",178000,240,"TX","Agriculture"
"23","CHGOFF",69100,19,"MS","Construction"
"23","CHGOFF",5000,56,"CA","Construction"
"23","P I F",81396,84,"ID","Construction"
"53","CHGOFF",5000,100,"OH","Real estate"
"23","P I F",87500,84,"MT","Construction"
"23","CHGOFF",10000,68,"NJ","Construction"
"23","CHGOFF",129300,58,"AZ","Construction"
"71","P I F",1e+05,120,"CA","Recreation"
"53","P I F",910000,240,"MI","Real estate"
"23","CHGOFF",135761,54,"MN","Construction"
"53","P I F",11000,84,"NY","Real estate"
"23","CHGOFF",24736,43,"WA","Construction"
"23","CHGOFF",10000,91,"FL","Construction"
"53","P I F",12500,63,"KY","Real estate"
"71","CHGOFF",10000,71,"WA","Recreation"
"23","P I F",50000,24,"MD","Construction"
"53","P I F",20000,84,"ME","Real estate"
"23","P I F",27164,60,"OK","Construction"
"23","CHGOFF",48955,42,"PA","Construction"
"11","P I F",35000,72,"MS","Agriculture"
"23","P I F",368177,84,"NY","Construction"
"23","CHGOFF",25000,91,"AR","Construction"
"23","CHGOFF",425000,79,"MD","Construction"
"23","CHGOFF",34627,39,"MD","Construction"
"23","P I F",118000,240,"NM","Construction"
"71","P I F",150000,83,"TX","Recreation"
"23","P I F",14341,84,"FL","Construction"
"23","P I F",112404,84,"WV","Construction"
"23","CHGOFF",75000,44,"OH","Construction"
"23","CHGOFF",50000,28,"GA","Construction"
"23","P I F",8000,24,"MI","Construction"
"23","CHGOFF",90000,64,"NJ","Construction"
"53","P I F",15611,67,"CT","Real estate"
"71","P I F",164698,84,"UT","Recreation"
"23","P I F",1e+05,12,"KS","Construction"
"23","P I F",20000,48,"OR","Construction"
"53","P I F",135000,84,"CA","Real estate"
"71","P I F",180000,120,"CO","Recreation"
"23","P I F",61652,70,"NH","Construction"
"23","CHGOFF",10000,87,"TX","Construction"
"53","P I F",16744,84,"VA","Real estate"
"23","P I F",25000,60,"NH","Construction"
"23","CHGOFF",49926,39,"UT","Construction"
"53","CHGOFF",42000,49,"WI","Real estate"
"23","P I F",331700,300,"NY","Construction"
"23","P I F",20809,84,"WI","Construction"
"23","CHGOFF",1e+05,29,"MD","Construction"
"71","P I F",257000,240,"ID","Recreation"
"23","P I F",118000,180,"GA","Construction"
"53","CHGOFF",15000,47,"MA","Real estate"
"23","P I F",59014,84,"MO","Construction"
"53","CHGOFF",35000,73,"OH","Real estate"
"23","CHGOFF",27922,52,"OH","Construction"
"23","P I F",40000,60,"IL","Construction"
"23","P I F",110628,36,"OK","Construction"
"23","P I F",418500,300,"CA","Construction"
"71","CHGOFF",104224,68,"CA","Recreation"
"53","P I F",40416,84,"MN","Real estate"
"23","CHGOFF",10000,73,"SC","Construction"
"23","P I F",16948,84,"TX","Construction"
"71","CHGOFF",150000,80,"TN","Recreation"
"23","P I F",40000,43,"TX","Construction"
"71","P I F",35000,18,"IN","Recreation"
"23","P I F",124000,120,"KY","Construction"
"71","P I F",275000,192,"VA","Recreation"
"23","P I F",15000,84,"LA","Construction"
"23","CHGOFF",51021,58,"CO","Construction"
"71","CHGOFF",12500,100,"IN","Recreation"
"23","P I F",992000,120,"TX","Construction"
"23","CHGOFF",56500,12,"OH","Construction"
"23","CHGOFF",20010,47,"FL","Construction"
"23","P I F",225000,300,"CO","Construction"
"23","P I F",380000,120,"SC","Construction"
"71","P I F",250000,84,"FL","Recreation"
"23","P I F",75000,12,"NY","Construction"
"23","P I F",304000,84,"CA","Construction"
"23","P I F",32663,84,"NJ","Construction"
"23","P I F",130000,60,"CA","Construction"
"23","P I F",172323,84,"AZ","Construction"
"23","P I F",12500,120,"NC","Construction"
"23","P I F",16000,60,"VT","Construction"
"53","P I F",1e+05,84,"MO","Real estate"
"71","CHGOFF",150000,36,"VA","Recreation"
"53","P I F",414000,240,"CA","Real estate"
"11","P I F",95000,115,"ND","Agriculture"
"23","P I F",15000,48,"NJ","Construction"
"23","P I F",738480,120,"CA","Construction"
"23","P I F",73000,240,"CA","Construction"
"23","CHGOFF",124780,33,"OR","Construction"
"71","CHGOFF",25000,71,"MS","Recreation"
"53","P I F",16300,84,"VA","Real estate"
"23","CHGOFF",76233,34,"OH","Construction"
"23","CHGOFF",15000,15,"CA","Construction"
"53","P I F",25000,84,"TX","Real estate"
"23","CHGOFF",350000,69,"SC","Construction"
"23","P I F",550000,264,"NY","Construction"
"23","P I F",50000,90,"NY","Construction"
"23","P I F",20834,36,"ME","Construction"
"23","P I F",35000,78,"IA","Construction"
"23","P I F",150000,48,"MA","Construction"
"71","P I F",20000,30,"TX","Recreation"
"11","CHGOFF",155000,120,"AL","Agriculture"
"23","P I F",20500,48,"NC","Construction"
"23","CHGOFF",13963,33,"CO","Construction"
"11","P I F",950000,300,"OK","Agriculture"
"11","CHGOFF",482241,62,"AR","Agriculture"
"53","P I F",129000,182,"WV","Real estate"
"71","CHGOFF",57662,28,"CA","Recreation"
"23","P I F",29800,73,"WV","Construction"
"23","P I F",104000,60,"UT","Construction"
"23","CHGOFF",140850,56,"NJ","Construction"
"23","P I F",45900,85,"IN","Construction"
"53","CHGOFF",75000,53,"MI","Real estate"
"23","P I F",5000,84,"MA","Construction"
"23","CHGOFF",101200,32,"MI","Construction"
"23","P I F",96000,72,"TX","Construction"
"23","P I F",93896,84,"CO","Construction"
"23","P I F",30777,23,"WA","Construction"
"71","P I F",28000,60,"MN","Recreation"
"23","P I F",130000,240,"NY","Construction"
"23","CHGOFF",150000,41,"UT","Construction"
"23","P I F",150000,84,"MD","Construction"
"23","CHGOFF",110000,32,"DE","Construction"
"23","P I F",1e+05,84,"MN","Construction"
"23","CHGOFF",24259,40,"MD","Construction"
"23","P I F",88100,84,"CA","Construction"
"23","P I F",75000,84,"MI","Construction"
"11","P I F",33700,60,"MS","Agriculture"
"23","P I F",80883,96,"PA","Construction"
"23","P I F",29709,84,"MO","Construction"
"23","P I F",70353,84,"WA","Construction"
"23","CHGOFF",86048,36,"OK","Construction"
"23","P I F",34500,84,"FL","Construction"
"53","P I F",25000,84,"CA","Real estate"
"23","CHGOFF",30000,58,"OH","Construction"
"71","CHGOFF",6e+05,113,"FL","Recreation"
"23","P I F",45000,60,"NH","Construction"
"23","P I F",46028,84,"CA","Construction"
"23","P I F",24100,84,"MI","Construction"
"23","CHGOFF",35127,41,"TX","Construction"
"11","P I F",306000,240,"NE","Agriculture"
"23","P I F",198394,84,"OH","Construction"
"23","P I F",50000,60,"NY","Construction"
"23","CHGOFF",25000,61,"AZ","Construction"
"23","P I F",176000,84,"AZ","Construction"
"71","P I F",33099,84,"CA","Recreation"
"53","P I F",29000,84,"AZ","Real estate"
"71","CHGOFF",35000,66,"NY","Recreation"
"53","P I F",25000,84,"TX","Real estate"
"23","P I F",29889,84,"NY","Construction"
"11","P I F",46000,84,"VT","Agriculture"
"23","P I F",157000,240,"NV","Construction"
"23","CHGOFF",150000,27,"WA","Construction"
"53","CHGOFF",10000,95,"IL","Real estate"
"23","P I F",45498,84,"IL","Construction"
"23","CHGOFF",135461,35,"AL","Construction"
"23","CHGOFF",75000,42,"TX","Construction"
"23","CHGOFF",42000,71,"AZ","Construction"
"23","P I F",265000,20,"CA","Construction"
"23","CHGOFF",60000,57,"NC","Construction"
"23","P I F",50000,84,"MT","Construction"
"23","P I F",1e+05,84,"GA","Construction"
"53","P I F",6129,84,"NH","Real estate"
"23","P I F",50000,36,"PA","Construction"
"53","P I F",172621,84,"ID","Real estate"
"11","P I F",35000,78,"MS","Agriculture"
"23","P I F",45000,84,"MO","Construction"
